{"cameraMode":{"drawMode":0,"name":"Shaded","section":"Shading Mode"},"sceneLighting":false,"audioPlay":false,"sceneViewState":{"showFog":true,"showMaterialUpdate":false,"showSkybox":false,"showFlares":true,"showImageEffects":true,"showParticleSystems":true},"in2DMode":false,"pivot":{"x":0.13907524943351746,"y":0.44319117069244387,"z":0.45109814405441286},"rotation":{"x":-0.0676954984664917,"y":0.9284695386886597,"z":-0.29824352264404299,"w":-0.2107449471950531},"size":2.050133466720581,"orthographic":false}