{"cameraMode":{"drawMode":0,"name":"Shaded","section":"Shading Mode"},"sceneLighting":true,"audioPlay":false,"sceneViewState":{"showFog":true,"showMaterialUpdate":false,"showSkybox":true,"showFlares":true,"showImageEffects":true,"showParticleSystems":true},"in2DMode":false,"pivot":{"x":4.282040596008301,"y":-5.644306659698486,"z":1.4898929595947266},"rotation":{"x":-0.3945808708667755,"y":-0.46775227785110476,"z":0.24555954337120057,"w":-0.751917839050293},"size":63.316993713378909,"orthographic":false}