{"cameraMode":{"drawMode":0,"name":"Shaded","section":"Shading Mode"},"sceneLighting":true,"audioPlay":false,"sceneViewState":{"showFog":true,"showMaterialUpdate":false,"showSkybox":true,"showFlares":true,"showImageEffects":true,"showParticleSystems":true},"in2DMode":false,"pivot":{"x":0.0802152156829834,"y":-4.861246109008789,"z":-4.6817522048950199},"rotation":{"x":0.0775086060166359,"y":0.8296846747398377,"z":-0.1194063350558281,"w":0.5402147769927979},"size":20.106487274169923,"orthographic":false}